{"accuracy": 0.7339743589743589, "precision": 0.7028985507246377, "recall": 0.9948717948717949, "f1_score": 0.8237791932059448}